{
    "yU_1": {
        "min": -3.5001432988e-05,
        "max": 0.008218198998383
    },
    "yU_2": {
        "min": -0.000130852718302,
        "max": 0.012782891915888
    },
    "yU_3": {
        "min": -0.000264149755563,
        "max": 0.017423164942803
    },
    "yU_4": {
        "min": -0.00040904224666,
        "max": 0.022007290982118
    },
    "yU_5": {
        "min": -0.000615687135205,
        "max": 0.026514054814297
    },
    "yU_6": {
        "min": -0.000853087061706,
        "max": 0.034767664884368
    },
    "yU_7": {
        "min": -0.001109616383264,
        "max": 0.051485927199182
    },
    "yU_8": {
        "min": -0.001375731005898,
        "max": 0.074064540509161
    },
    "yU_9": {
        "min": -0.00164251859613,
        "max": 0.09595205178147
    },
    "yU_10": {
        "min": -0.001902596223319,
        "max": 0.112552419043076
    },
    "yU_11": {
        "min": -0.002150881700565,
        "max": 0.126612835398762
    },
    "yU_12": {
        "min": -0.00238465277176,
        "max": 0.13998836161602
    },
    "yU_13": {
        "min": -0.002599026801781,
        "max": 0.154050883027293
    },
    "yU_14": {
        "min": -0.002788440848396,
        "max": 0.168914386886511
    },
    "yU_15": {
        "min": -0.002948489427119,
        "max": 0.183783512898954
    },
    "yU_16": {
        "min": -0.003075120560501,
        "max": 0.197416021824622
    },
    "yU_17": {
        "min": -0.003162445113211,
        "max": 0.208153637992333
    },
    "yU_18": {
        "min": -0.003204414202781,
        "max": 0.214955620928591
    },
    "yU_19": {
        "min": -0.003195382528415,
        "max": 0.218843022499027
    },
    "yU_20": {
        "min": -0.003129498286792,
        "max": 0.221507506598172
    },
    "yU_21": {
        "min": -0.00300030012325,
        "max": 0.223716573320031
    },
    "yU_22": {
        "min": -0.002801457744538,
        "max": 0.225906741715296
    },
    "yU_23": {
        "min": -0.002526666730153,
        "max": 0.228422072528704
    },
    "yU_24": {
        "min": -0.002166227805936,
        "max": 0.231484972927124
    },
    "yU_25": {
        "min": -0.001707340723785,
        "max": 0.235062196251582
    },
    "yU_26": {
        "min": -0.001136057127124,
        "max": 0.23885353159669
    },
    "yU_27": {
        "min": -0.000438584906686,
        "max": 0.24270617153549
    },
    "yU_28": {
        "min": -0.000242431946017,
        "max": 0.246585940968198
    },
    "yU_29": {
        "min": -0.000270820164519,
        "max": 0.250517731004521
    },
    "yU_30": {
        "min": 0.000192336247141,
        "max": 0.254547361125287
    },
    "yU_31": {
        "min": 0.001304703286577,
        "max": 0.258681204958035
    },
    "yU_32": {
        "min": 0.002953106253279,
        "max": 0.262905379328628
    },
    "yU_33": {
        "min": 0.004838715364122,
        "max": 0.26717800870962
    },
    "yU_34": {
        "min": 0.006810927196167,
        "max": 0.271482955660908
    },
    "yU_35": {
        "min": 0.008311606432794,
        "max": 0.275906791318561
    },
    "yU_36": {
        "min": 0.008735795324873,
        "max": 0.280537340470518
    },
    "yU_37": {
        "min": 0.009165847976621,
        "max": 0.285403532523505
    },
    "yU_38": {
        "min": 0.009600958173512,
        "max": 0.290478079238847
    },
    "yU_39": {
        "min": 0.01004060289578,
        "max": 0.295624351083215
    },
    "yU_40": {
        "min": 0.010483829035089,
        "max": 0.300727574158267
    },
    "yU_41": {
        "min": 0.010929683599714,
        "max": 0.305758791325787
    },
    "yU_42": {
        "min": 0.011379597607166,
        "max": 0.310650894170385
    },
    "yU_43": {
        "min": 0.011833120706629,
        "max": 0.31524363691408
    },
    "yU_44": {
        "min": 0.012287742538765,
        "max": 0.319417417334788
    },
    "yU_45": {
        "min": 0.012743446359873,
        "max": 0.323155105911876
    },
    "yU_46": {
        "min": 0.013200327868908,
        "max": 0.326476743891849
    },
    "yU_47": {
        "min": 0.013657615164288,
        "max": 0.329463211337624
    },
    "yU_48": {
        "min": 0.014114388489009,
        "max": 0.332177048619245
    },
    "yU_49": {
        "min": 0.014570526606723,
        "max": 0.33459065992376
    },
    "yU_50": {
        "min": 0.0150272615659,
        "max": 0.336663108872999
    },
    "yU_51": {
        "min": 0.015480407871648,
        "max": 0.338375641324855
    },
    "yU_52": {
        "min": 0.015932638620072,
        "max": 0.339713936984407
    },
    "yU_53": {
        "min": 0.016427472430941,
        "max": 0.340641727345185
    },
    "yU_54": {
        "min": 0.016969443326355,
        "max": 0.341117452212608
    },
    "yU_55": {
        "min": 0.01750784615523,
        "max": 0.341149560215492
    },
    "yU_56": {
        "min": 0.018038314248721,
        "max": 0.340780306735808
    },
    "yU_57": {
        "min": 0.018570884259543,
        "max": 0.340051934186883
    },
    "yU_58": {
        "min": 0.01910080189405,
        "max": 0.339006170389669
    },
    "yU_59": {
        "min": 0.019625647713583,
        "max": 0.337679050890027
    },
    "yU_60": {
        "min": 0.019936201496365,
        "max": 0.336098219757596
    },
    "yU_61": {
        "min": 0.01974947557415,
        "max": 0.334243470089599
    },
    "yU_62": {
        "min": 0.019539534787851,
        "max": 0.331997725149317
    },
    "yU_63": {
        "min": 0.019302690351442,
        "max": 0.329255071186678
    },
    "yU_64": {
        "min": 0.019036257770928,
        "max": 0.325965269949754
    },
    "yU_65": {
        "min": 0.018740646864213,
        "max": 0.322093870783823
    },
    "yU_66": {
        "min": 0.018417332967891,
        "max": 0.317629412828619
    },
    "yU_67": {
        "min": 0.018067978923015,
        "max": 0.312576881877726
    },
    "yU_68": {
        "min": 0.017694376824497,
        "max": 0.306986968489866
    },
    "yU_69": {
        "min": 0.017298446640705,
        "max": 0.300923056408909
    },
    "yU_70": {
        "min": 0.016882244361236,
        "max": 0.294456008651958
    },
    "yU_71": {
        "min": 0.016447885031887,
        "max": 0.28761749032987
    },
    "yU_72": {
        "min": 0.015997368168036,
        "max": 0.280364659676402
    },
    "yU_73": {
        "min": 0.015532432128554,
        "max": 0.272701097225632
    },
    "yU_74": {
        "min": 0.015054797617175,
        "max": 0.264683552632369
    },
    "yU_75": {
        "min": 0.014566243186349,
        "max": 0.256335990075525
    },
    "yU_76": {
        "min": 0.014065804185944,
        "max": 0.247645406084606
    },
    "yU_77": {
        "min": 0.013549660635234,
        "max": 0.238550444560066
    },
    "yU_78": {
        "min": 0.01301554061157,
        "max": 0.229026449598514
    },
    "yU_79": {
        "min": 0.012463242628937,
        "max": 0.219130842702939
    },
    "yU_80": {
        "min": 0.011894732842795,
        "max": 0.209025165123473
    },
    "yU_81": {
        "min": 0.01131816995097,
        "max": 0.198786345451797
    },
    "yU_82": {
        "min": 0.010745456046758,
        "max": 0.18844719255343
    },
    "yU_83": {
        "min": 0.010185734684647,
        "max": 0.178021309250662
    },
    "yU_84": {
        "min": 0.00964631178224,
        "max": 0.167509182628523
    },
    "yU_85": {
        "min": 0.009133260597002,
        "max": 0.156954144848155
    },
    "yU_86": {
        "min": 0.008650939870604,
        "max": 0.146433309388948
    },
    "yU_87": {
        "min": 0.008156174611007,
        "max": 0.135957142113083
    },
    "yU_88": {
        "min": 0.007578794674332,
        "max": 0.125466107163399
    },
    "yU_89": {
        "min": 0.006918259164457,
        "max": 0.114811823343708
    },
    "yU_90": {
        "min": 0.006211251719113,